{
  "message": {
    "properties": {
      "id": {
        "type": "string",
        "description": "The unique identifier for a message [guid]"
      },
      "title": {
        "type": "object",
        "description": "Bilingual title",
        "properties": {
          "en": {
            "type": "string",
            "description": "Title in English"
          },
          "fr": {
            "type": "string",
            "description": "Title in French"
          }
        }
      },
      "message": {
        "type": "object",
        "description": "Bilingual message body",
        "properties": {
          "en": {
            "type": "string",
            "description": "Message body in English"
          },
          "fr": {
            "type": "string",
            "description": "Message body in French"
          }
        }
      },
      "target_regions": {
        "type": "array",
        "description": "Array of regions (Province code) to display the notification to (CA for all)"
      },
      "target_version": {
        "type": "string",
        "description": "(optional) App version that should receive the notification using"
      },
      "posted_at": {
        "type": "string",
        "description": "The date/time that the message was posted at (datetime)"
      },
      "expires_at": {
        "type": "string",
        "description": "(optional) The expiry date for the message"
      },
      "priority": {
        "type": "integer",
        "description": "Priority of the message. Determines display order if multiple eligible notifications."
      }
    },
    "required": ["id", "title", "message", "target_region", "posted_at"]
  }
}
