{
    "version": 0.0,
    "Resources": [
        {
            "TargetService": {
                "Type": "AWS::ECS::Service",
                "Properties": {
                    "PlatformVersion": "1.4.0",
					"TaskDefinition": "placeholder",
                    "LoadBalancerInfo": {
                        "ContainerName": "placeholder",
                        "ContainerPort": 0
                    }
                }
            }
        }
    ],
	"Hooks": [
		{
			"BeforeAllowTraffic": "placeholder"
		}
	]    
}
