[
  {
    "name": "${name}",
    "image": "${image}",
    "portMappings": [
      {
        "containerPort": 8000
      }
    ],
    "linuxParameters": {
      "capabilities": {
        "drop": ["ALL"]
      }
    },
    "logConfiguration": {
      "logDriver": "awslogs",
      "options": {
        "awslogs-group": "${awslogs-group}",
        "awslogs-region": "${awslogs-region}",
        "awslogs-stream-prefix": "${awslogs-stream-prefix}"
      }
    },
    "environment": [
      {
        "name": "METRIC_PROVIDER",
        "value": "${metric_provider}"
      },
      {
        "name": "TRACER_PROVIDER",
        "value": "${tracer_provider}"
      },
      {
        "name": "DJANGO_ENV",
        "value": "${django_env}"
      },
      {
        "name": "DJANGO_ALLOWED_HOSTS",
        "value": "${django_allowed_hosts}"
      },
      {
        "name": "NEW_RELIC_APP_NAME",
        "value": "${new_relic_app_name}"
      },
      {
        "name": "URL_DUAL_DOMAINS",
        "value": "${dual_urls}"
      },
      {
        "name": "APP_SWITCH",
        "value": "${app_switch}"
      }
    ],
    "secrets": [
      {
        "name": "DATABASE_URL",
        "valueFrom": "${database_url}"
      },
      {
        "name": "API_AUTHORIZATION",
        "valueFrom": "${api_authorization}"
      },
      {
        "name": "API_ENDPOINT",
        "valueFrom": "${api_endpoint}"
      },
      {
        "name": "OTK_SMS_TEMPLATE_ID_EN",
        "valueFrom": "${otk_sms_template_id_en}"
      },
      {
        "name": "OTK_SMS_TEMPLATE_ID_FR",
        "valueFrom": "${otk_sms_template_id_fr}"
      },
      {
        "name": "INVITATION_EMAIL_TEMPLATE_ID_EN",
        "valueFrom": "${invitation_email_template_id_en}"
      },
      {
        "name": "INVITATION_EMAIL_TEMPLATE_ID_FR",
        "valueFrom": "${invitation_email_template_id_fr}"
      },
      {
        "name": "CONFIRMATION_EMAIL_TEMPLATE_ID_EN",
        "valueFrom": "${confirmation_email_template_id_en}"
      },
      {
        "name": "CONFIRMATION_EMAIL_TEMPLATE_ID_FR",
        "valueFrom": "${confirmation_email_template_id_fr}"
      },
      {
        "name": "PASSWORD_RESET_EMAIL_TEMPLATE_ID_EN",
        "valueFrom": "${password_reset_email_template_id_en}"
      },
      {
        "name": "PASSWORD_RESET_EMAIL_TEMPLATE_ID_FR",
        "valueFrom": "${password_reset_email_template_id_fr}"
      },
      {
        "name": "BACKUP_CODE_ADMIN_EMAIL_TEMPLATE_ID_EN",
        "valueFrom": "${backup_code_admin_email_template_id_en}"
      },
      {
        "name": "BACKUP_CODE_ADMIN_EMAIL_TEMPLATE_ID_FR",
        "valueFrom": "${backup_code_admin_email_template_id_fr}"
      },
      {
        "name": "DJANGO_SECRET_KEY",
        "valueFrom": "${django_secret_key}"
      },
      {
        "name": "FRESHDESK_API_ENDPOINT",
        "valueFrom": "${freshdesk_api_endpoint}"
      },
      {
        "name": "FRESHDESK_API_KEY",
        "valueFrom": "${freshdesk_api_key}"
      },
      {
        "name": "FRESHDESK_PRODUCT_ID",
        "valueFrom": "${freshdesk_product_id}"
      },
      {
        "name": "NEW_RELIC_LICENSE_KEY",
        "valueFrom": "${new_relic_license_key}"
      },
      {
        "name": "OTP_NOTIFY_API_KEY",
        "valueFrom": "${notify_api_key}"
      },
      {
        "name": "OTP_NOTIFY_TEMPLATE_ID",
        "valueFrom": "${notify_template_id}"
      }
    ]
  }
]
