#Params,COâ‚‚ cost (kg)
7242000000.0,0.6095870820618575
34389000000.0,11.35169893737245
34389000000.0,11.577314287549456
34389000000.0,11.211921933663872
34389000000.0,3.3870112290744174
6061000000.0,1.1847571621382451
6061000000.0,0.968840116103892
8829000000.0,0.7344460160408538
8829000000.0,0.7840367066348469
8829000000.0,0.7267717454553025
8829000000.0,0.7923725067008767
34389000000.0,12.828741644389773
34389000000.0,12.75192792356476
34389000000.0,12.562847844990785
6061000000.0,0.5492746268500204
6061000000.0,0.5632119903092258
6061000000.0,0.5553328361218006
8829000000.0,0.7653319807085085
8829000000.0,0.7744911718966523
8829000000.0,0.9097661147960838
68977000000.0,6.098985976914155
7294000000.0,1.2695126379214017
7294000000.0,0.6243844135682026
8029999999.999999,0.7096782743049184
8029999999.999999,0.987049861129138
8029999999.999999,0.7727492723959822
8029999999.999999,1.0111115247414244
21421000000.0,1.0810383598407012
8029999999.999999,0.6886191280830397
8029999999.999999,0.6843075383802905
27227000000.0,9.997721625412398
27227000000.0,9.85673547469955
9242000000.0,3.003789344178632
10159000000.0,2.9785200672827754
8029999999.999999,1.860326503692716
8029999999.999999,0.7188342475090052
6910000000.0,0.7459889577192211
6910000000.0,1.0741097874941254
8029999999.999999,1.1661108808675174
39927000000.0,2.9598193650570765
34389000000.0,3.286492339784732
7613000000.0,2.1721133485799347
12248000000.0,1.8334023053279451
8029999999.999999,0.8927447585384559
7242000000.0,0.5922261857023506
2780000000.0,0.4655105951838824
8029999999.999999,0.9039592768236692
1544000000.0,0.673034773667099
1544000000.0,0.6885846057983909
8000000000.0,0.6397138601398595
7242000000.0,0.4764643651040789
32512000000.0,5.688000330906401
8029999999.999999,0.8721528927447473
34389000000.0,9.591483456808453
8829000000.0,2.2157204712428955
9242000000.0,5.863460482150236
70554000000.0,10.526906967407813
7242000000.0,0.9493746287459064
70554000000.0,10.43095514061939
8029999999.999999,0.8580037811784041
7242000000.0,0.7857971913732913
7616000000.0,1.3300779744804525
8829000000.0,1.1168012405532666
8029999999.999999,0.8668051031809566
7242000000.0,0.7992612170109323
70554000000.0,11.069121275425136
8029999999.999999,0.9171398085400156
7242000000.0,0.824635222613095
8029999999.999999,0.6716568094274465
8029999999.999999,0.8303799292781471
101000000.0,0.1196056526585953
218000000.0,0.163613273468609
218000000.0,0.1618760041617072
218000000.0,0.1544258975955807
887000000.0,2.4560062883721847
887000000.0,2.600607948117448
887000000.0,2.5166186803577384
887000000.0,2.5749619320293293
7768000000.0,0.1892886641410189
7768000000.0,1.1475040863370063
3821000000.0,0.5331363500192292
72700000000.0,17.35089185318524
28309000000.0,3.3347971250257986
8029999999.999999,0.6917628513734966
20245000000.0,3.5832904715342573
9242000000.0,2.6790921193617887
8029999999.999999,0.7938669535501479
4650000000.0,1.4092847029992943
13960000000.0,0.9096260929733866
8029999999.999999,0.763853564537999
8029999999.999999,0.8568197982016399
8029999999.999999,1.6142045816984325
8029999999.999999,1.6405126109472798
8029999999.999999,0.7743185740676325
8029999999.999999,2.4053312293695264
3000000000.0,0.7072190583239772
7242000000.0,0.6195232209986878
2780000000.0,0.3125386444113754
2775000000.0,0.3990327081709057
2775000000.0,0.3243950929176986
8029999999.999999,0.988384908126601
14000000000.0,0.9964144636052076
34389000000.0,2.9265963407641995
14352000000.0,1.6246302524295038
14352000000.0,1.2498823440050633
8987000000.0,0.7539389363535288
12248000000.0,1.4522482233195455
7242000000.0,0.560231988335538
7616000000.0,0.6604723330524088
34981000000.0,16.985317019483638
8028000000.0,1.1951720813209588
32296000000.0,5.517735099910102
8028000000.0,1.169689068875705
103811000000.0,28.631531711670775
103811000000.0,22.31887666767308
34981000000.0,13.395437266989823
2506000000.0,0.9796484742504704
2506000000.0,0.9945691201747504
2506000000.0,0.962068098338517
2506000000.0,0.960808812977414
8029999999.999999,0.6968492201522741
8029999999.999999,0.7186968825693228
8029999999.999999,0.7536131379003268
14770000000.0,1.6653521763648689
7616000000.0,1.045560869633253
34389000000.0,3.0708142239631253
32764000000.000004,13.000421562015136
14770000000.0,1.6671296117514365
494000000.0,1.177797308542579
630000000.0,0.6096954442103679
630000000.0,0.6101713317128061
7242000000.0,0.4617132833196359
2786000000.0,0.2936912519225461
-1000000000.0,0.8211648206321267
6885000000.0,0.711358350403807
7616000000.0,1.0906328003583745
14766000000.0,2.250433784833411
14766000000.0,4.430605654472236
14770000000.0,2.2222344879921874
14770000000.0,1.393012702293842
14491000000.0,2.1559876923816415
14766000000.0,1.8538210420080037
14766000000.0,1.7963825527781585
14766000000.0,1.9508260457555175
14766000000.0,1.9578960107806809
14766000000.0,1.8651600460737785
14766000000.0,1.8301911112007432
14766000000.0,1.9748936860394724
14766000000.0,1.9650746463730715
7000000000.0,1.2567583759995584
7000000000.0,0.4708724191978351
14483000000.0,0.9714233821373284
7242000000.0,0.6303373271199019
8029999999.999999,0.8364786652077056
13960000000.0,1.5723151838835296
8029999999.999999,0.7741591856978718
12248000000.0,3.2346441839869495
8029999999.999999,0.7985691981832919
8029999999.999999,0.8146989006651093
8029999999.999999,0.7905887457213416
8029999999.999999,0.8437165845529616
7000000000.0,0.437885590110603
7000000000.0,1.897129798190933
11520000000.0,2.0122850168801376
8029999999.999999,0.9391407069339804
12174000000.0,1.4375216123892207
12174000000.0,1.4247071736907972
12174000000.0,1.3823971864376314
16536999999.999998,2.922798596582253
12174000000.0,1.3976996008626377
7044000000.0,0.6421373474626886
7044000000.0,0.6386493323361571
8029999999.999999,1.7502392589909803
1236000000.0,0.891845751897302
1236000000.0,0.4671893694083749
1236000000.0,0.4699659488769376
1236000000.0,0.912911836713503
124000000.0,0.1258652097415954
8029999999.999999,0.8561779968441444
124000000.0,0.1299073091960183
124000000.0,0.2304064688014811
8029999999.999999,1.704023495922865
8029999999.999999,0.860454719743755
8029999999.999999,0.8284458065320179
3086000000.0,2.2934995121401753
7616000000.0,1.734911100022228
8029999999.999999,0.7782584486500115
8029999999.999999,2.5075735912307806
8029999999.999999,0.8390000546863493
7616000000.0,1.2926795771746673
7616000000.0,1.2888213463878304
8000000000.0,2.2942323567330214
8029999999.999999,0.6774859848109629
8029999999.999999,0.640597596583332
8414000000.0,1.1997430790836436
7000000000.0,1.1338381580565904
9242000000.0,2.708161677190859
8414000000.0,1.2520533401781035
8029999999.999999,0.6586223300002805
8029999999.999999,0.8431278895149513
8029999999.999999,0.7157813898750875
8029999999.999999,0.7673769769612673
8029999999.999999,0.8008501327903969
8029999999.999999,0.7951160978369094
8029999999.999999,0.6650688201069717
8029999999.999999,0.6546641906422448
8029999999.999999,1.4440211221606587
8029999999.999999,0.6746590709993813
8029999999.999999,0.7152405223860491
9242000000.0,3.088349583676092
8029999999.999999,0.8132600469745505
8029999999.999999,0.7493010463585114
8029999999.999999,0.735627274295549
8029999999.999999,0.7455864450908245
8029999999.999999,0.6589947411870546
8029999999.999999,0.66231371473775
8029999999.999999,0.673546661000544
8029999999.999999,0.7644487666399009
8029999999.999999,0.8286465221144887
8029999999.999999,0.7923424980400432
8029999999.999999,0.8074705227603425
8029999999.999999,0.6656693171535578
8029999999.999999,0.866723896694403
8029999999.999999,0.6629505426871233
8029999999.999999,0.8181123053355764
7242000000.0,0.6615716673635748
8029999999.999999,0.6635401620768692
72706000000.0,22.955098466310023
6000000000.0,0.7674321563855381
1366000000.0,0.3594240615190476
150000000.0,0.2029024865932594
2718000000.0,0.5083814016232907
20739000000.0,3.146736373615041
12000000000.0,1.1180071531663731
213000000.0,0.2353385413040577
2909000000.0,0.7539020016215645
506000000.0,0.3770818272172579
6900000000.0,0.8688669144579199
8031000000.000001,1.009127965308664
8031000000.000001,1.1843373398046615
8029999999.999999,1.4708355820828696
8029999999.999999,0.932571245200544
8029999999.999999,0.94564159228199
12248000000.0,1.991411391398455
12248000000.0,3.4923839709753426
8029999999.999999,0.8181850247084421
12248000000.0,1.7704359904032256
8000000000.0,0.9208525873271448
2000000000.0,2.036798426888711
2000000000.0,1.1285928174304565
7000000000.0,0.9719780087939942
14483000000.0,2.3549609828071594
12248000000.0,1.6185208209874729
12000000000.0,1.6626633956315184
8000000000.0,0.9223811247844632
8000000000.0,0.8856449282711565
8000000000.0,0.8117431345814908
8000000000.0,0.6949942794064364
8000000000.0,0.8147864660837938
8000000000.0,0.8543177809047187
8000000000.0,1.7167339445503813
8029999999.999999,2.2853056830713743
8029999999.999999,0.6720677706638591
8000000000.0,0.8390365655346463
8000000000.0,0.7451309547743399
8029999999.999999,0.9102715980909136
8000000000.0,0.833575782418707
12248000000.0,1.7712690994345468
3000000000.0,0.7108156711648944
12248000000.0,1.3636074640143
7000000000.0,0.969634842541196
12000000000.0,1.872564688227262
8000000000.0,0.8483321380464708
8000000000.0,0.8705716876801622
8000000000.0,0.7975230737879972
8000000000.0,0.7652479183229487
8000000000.0,0.9347739599951074
8000000000.0,0.9020296328434972
8000000000.0,0.8839740092124098
8000000000.0,0.9097590647761512
8000000000.0,0.894943365376195
11580000000.0,1.8814256364904496
8000000000.0,0.7916827345659109
8000000000.0,0.8008176147484493
13960000000.0,0.7718137674592886
7242000000.0,0.5508246280271973
7242000000.0,0.5540226403673537
3821000000.0,0.6354969306598104
3821000000.0,0.6312955389348048
8029999999.999999,0.9736847295609784
8029999999.999999,0.8548066413081815
8029999999.999999,0.8622014709516758
7616000000.0,1.3857420447130364
7616000000.0,1.1971812617596305
8029999999.999999,0.7893293211423049
8029999999.999999,0.750015414802549
8029999999.999999,1.7203004935938937
10732000000.0,0.8572737776360095
162000000.0,0.1815806091395342
33000000.0,0.1680668895170566
500000000.0,0.4836935962232535
16000000000.0,0.4875447998759818
500000000.0,0.5083650782046052
500000000.0,0.4815670829595984
500000000.0,0.4921863911706713
16000000000.0,1.0088012022015602
14483000000.0,1.0020482177522776
14496000000.0,1.009646735054172
7000000000.0,1.0802461386460065
14483000000.0,1.0761136511060907
7242000000.0,0.4433061109891907
12248000000.0,1.5290196825448796
12248000000.0,1.6242638088286627
9242000000.0,1.9310946507345252
8029999999.999999,0.6734109213144589
630000000.0,0.4876424017325159
630000000.0,0.4980036188524055
1777000000.0,0.7833808700754186
1544000000.0,0.7192429112316412
1544000000.0,0.7062007579348313
14770000000.0,1.747116815121296
7616000000.0,1.2015064279743322
1544000000.0,0.7911525988603724
7000000000.0,1.3788389441043891
7000000000.0,0.6916989307379043
9242000000.0,2.645943993216027
7242000000.0,0.6398635932435057
46703000000.0,4.6044632298562655
8029999999.999999,0.7208364945650547
12248000000.0,1.6855832005591775
12248000000.0,1.7372530273811069
12248000000.0,1.6820264418278403
22247000000.0,1.453320074147611
10159000000.0,3.137247537892627
20318000000.0,5.876476720258237
20318000000.0,9.394333552078164
8029999999.999999,0.7952447886881179
8029999999.999999,1.398697132667814
8029999999.999999,0.7187398980561769
8029999999.999999,0.6752873084543018
24942000000.0,2.1376952021514803
7242000000.0,0.7956751991931201
7242000000.0,0.5550230908694535
8538000000.0,1.481775141628969
140621000000.0,42.06778642306777
1710000000.0,0.3243072565176619
1710000000.0,0.3170226634267443
130000000.0,0.3433775075576674
135000000.0,0.467804895283865
360000000.0,0.365259532167126
362000000.0,0.366501024298985
1710000000.0,0.3250259911403082
1710000000.0,0.3249605231216809
135000000.0,0.3339045666301529
135000000.0,0.338375628206877
135000000.0,0.348753843693507
360000000.0,0.386657809372346
362000000.0,0.3923818692717623
360000000.0,0.375819270764297
8029999999.999999,0.7482781406705685
12248000000.0,1.6202833064408968
7616000000.0,1.1933927186332434
13000000000.0,1.1082574303345918
8029999999.999999,1.8187226373389151
7000000000.0,0.4892903144833447
7242000000.0,0.5636920286565241
7000000000.0,0.5604414844805996
7000000000.0,0.5595238951778243
19861000000.0,1.381127809431825
8029999999.999999,0.8905821050422911
8029999999.999999,0.8798822262772638
7616000000.0,1.0767906750734595
7616000000.0,1.130914646790651
3086000000.0,1.2147641107160356
162000000.0,0.0934743941743699
68000000.0,0.0605579039184108
34389000000.0,3.42669714201879
12879000000.0,1.860053302725323
12879000000.0,0.8662645383190185
24154000000.0,1.6766143676427347
24154000000.0,1.6513719521912902
12879000000.0,0.8818408275559706
7242000000.0,0.5958045958649423
8029999999.999999,0.513151724588246
8029999999.999999,0.4817909091319884
8029999999.999999,0.4785354138203994
8029999999.999999,0.5224851991910083
8029999999.999999,0.4803711012071209
8029999999.999999,1.009359203638822
8029999999.999999,0.5019935256585902
8029999999.999999,0.4865859481229309
8029999999.999999,0.7075451204073241
8029999999.999999,0.8747313938555062
2780000000.0,0.4714036094971793
1100000000.0,0.1737935983766942
1100000000.0,0.2378315126451458
1100000000.0,0.2573832662901053
1100000000.0,0.2729437792562811
1100000000.0,0.1633856401861993
15231000000.0,1.8893955296714675
70554000000.0,9.601028865895834
70554000000.0,9.47373824154548
70554000000.0,9.656198988776492
70554000000.0,12.554447084741954
12248000000.0,1.0532837723655222
1316000000.0,0.8327450684953104
494000000.0,0.6686904299214081
3213000000.0,0.6752350025810513
24154000000.0,1.6660353312717722
8029999999.999999,0.8038110075755518
7242000000.0,0.4548601599414557
8029999999.999999,0.8529641414406882
8029999999.999999,0.9155100842800143
7242000000.0,0.5962990298332037
7242000000.0,0.5835721210587271
7242000000.0,0.5990642500924268
7616000000.0,0.6365360247959104
7242000000.0,1.9903782778128376
1777000000.0,0.589778301043505
6738000000.0,0.4838177160569967
6738000000.0,0.9836533944137832
8029999999.999999,0.7568876072004526
8029999999.999999,0.758357790011608
7800000000.0,0.8251279774796095
2400000000.0,0.6072714602986501
7800000000.0,0.7199716704934385
65286000000.0,8.838206417729227
65286000000.0,17.259828063150998
1346000000.0,0.2475826759415346
14766000000.0,2.2646505172395983
8029999999.999999,0.8519356294482479
2506000000.0,0.966577672280824
1543000000.0,0.8445617663049534
7242000000.0,0.581991823672954
24154000000.0,1.6572590101673916
7242000000.0,0.6619306009486569
7242000000.0,0.6133181226037983
7242000000.0,0.6984955784720502
7242000000.0,0.6677153990275635
7242000000.0,0.4424065898013453
7242000000.0,0.6565460368913401
7242000000.0,0.6441774683784759
7242000000.0,0.4489106580895318
7242000000.0,0.4487411697422009
7242000000.0,0.4477639532047933
7242000000.0,0.436729898941549
7242000000.0,0.4627547383570262
7242000000.0,0.4522550204317055
7242000000.0,0.4408932076661833
7242000000.0,0.4704043052333971
7242000000.0,0.6836708906153316
7242000000.0,0.445369391222944
7242000000.0,0.4610457299103071
7242000000.0,0.4768653041111124
7242000000.0,0.443708544600549
7242000000.0,0.4557151627283165
7242000000.0,0.6608902644526
7242000000.0,0.631059639441631
7242000000.0,0.6875494454496557
7242000000.0,0.6485254035817755
7242000000.0,0.6213508564736376
7242000000.0,0.653249878257643
7242000000.0,0.6408049347507471
7242000000.0,0.582079399818881
7242000000.0,0.6298125839746871
2614000000.0,2.4241604785653426
2614000000.0,1.289832484365067
7616000000.0,0.6850489839975119
7616000000.0,1.2495998696070838
7616000000.0,1.275211435580003
7616000000.0,1.2858008502868985
1777000000.0,0.6473094756783748
7616000000.0,1.2781107719464089
3821000000.0,2.7429066405461255
1777000000.0,0.6903570368821728
16061000000.0,1.7701882435701863
3293000000.0,0.3480815434665663
7616000000.0,1.2811271075442374
7616000000.0,1.3057103128688
7616000000.0,1.2864251984084647
7616000000.0,1.247841053987101
7616000000.0,1.2746199079970209
3821000000.0,1.4175135448002238
8029999999.999999,0.8266246336662607
8029999999.999999,0.8362810671872299
8029999999.999999,0.7323124058624179
8029999999.999999,0.8871420735927358
8029999999.999999,0.8336868910313886
8029999999.999999,0.8851430751496295
8029999999.999999,0.9568030034424309
8029999999.999999,0.8907147725121036
8029999999.999999,0.8149409181903315
248000000.0,0.2422144259484986
12248000000.0,1.452633039239195
12248000000.0,1.5325245349547734
8000000000.0,0.9157373416580632
1236000000.0,0.4501333052866559
3213000000.0,0.7336396973945092
248000000.0,0.2341836114207786
630000000.0,1.0515562311926925
8029999999.999999,0.7747205643348448
1544000000.0,0.4932880155559795
72289000000.0,13.601817383486374
8029999999.999999,0.8335691386633998
8029999999.999999,0.8954201190774991
8029999999.999999,0.9068485399826428
8029999999.999999,1.8495360815484536
8029999999.999999,0.7422896278969292
8029999999.999999,1.8299899919845528
8029999999.999999,0.7080411077827046
8029999999.999999,0.7368765968547278
8029999999.999999,0.8004210982504402
7242000000.0,0.4995058365865235
7242000000.0,0.5735433689320039
7242000000.0,0.5369304403483045
12248000000.0,1.5770075484090382
12248000000.0,1.3545484463957131
2614000000.0,1.4527899773122042
1777000000.0,0.6891579783430338
24160000000.0,1.9065090460174168
3821000000.0,0.7244425979727039
7616000000.0,0.717131726832526
1777000000.0,0.6328920886675071
3821000000.0,0.4909946037657265
7616000000.0,0.6657444079520377
24154000000.0,1.3609831028552992
24154000000.0,1.415711178875455
70554000000.0,11.26398598741129
8029999999.999999,1.142130620074281
8029999999.999999,2.5363378744857097
8029999999.999999,0.7663568235309868
14316000000.0,8.306082950303546
7616000000.0,1.4535992706809813
7616000000.0,1.3341063573944425
70554000000.0,15.454839573803616
3821000000.0,0.7524686237954691
3821000000.0,1.0045512528789182
72699000000.0,13.134871203475228
7616000000.0,1.4342552038335228
72700000000.0,14.748893638946452
77965000000.0,14.332288402738165
70554000000.0,10.628273307511307
70554000000.0,15.841823817829598
3821000000.0,0.7967914667675369
72706000000.0,13.51741457822528
7616000000.0,1.5487495525214117
72700000000.0,14.2580637745108
77965000000.0,13.523356251314894
70554000000.0,9.63680906314866
70554000000.0,14.06055787020106
3821000000.0,0.8379308479653939
72706000000.0,19.44848499544426
7616000000.0,1.8301999134771472
77965000000.0,13.298609611347306
70554000000.0,17.743758320242858
7616000000.0,1.6184903835338569
77965000000.0,12.976328201268458
7616000000.0,1.3991691217972488
7616000000.0,1.6402708032103497
7616000000.0,1.3642802885037124
3085000000.0,0.7315897206303091
3085000000.0,1.3936621697340073
77965000000.0,32.21894464689475
3213000000.0,1.1929176644729231
3085000000.0,0.7760124975015028
3086000000.0,0.7434331691693647
77965000000.0,33.00556535486941
3086000000.0,0.7469229188062569
3086000000.0,0.7525485152012086
3000000000.0,0.5957814095411831
3821000000.0,0.6733871400406728
315000000.0,0.6062758049460221
315000000.0,0.6074798791497296
315000000.0,0.6065211224312973
1076000000.0,0.8254798681462031
1076000000.0,0.8102814750388582
27227000000.0,11.224861038909133
27227000000.0,22.664249227404177
8029999999.999999,0.9693078829654967
8029999999.999999,0.8919277904123731
8029999999.999999,1.1376211115182475
8029999999.999999,0.7877002817500637
34393000000.0,3.172008033345858
14770000000.0,1.5513222969241838
70554000000.0,12.446754480356969
7250000000.0,0.8421749133935907
7673000000.0,0.7220469953476825
6738000000.0,0.8225697399628139
8029999999.999999,0.75201223968556
8000000000.0,0.747541056244246
8000000000.0,0.738084936469923
8029999999.999999,0.9441975363228332
8029999999.999999,0.8212074656654257
13016000000.0,1.1388797430506286
8029999999.999999,0.9525977403575676
12248000000.0,1.5641933636819907
8029999999.999999,0.7396955345562696
13000000000.0,1.089804913215833
8029999999.999999,0.8084229647256214
22247000000.0,1.6005536479261968
22247000000.0,1.035007926661824
8029999999.999999,0.7177809620497813
8029999999.999999,0.6972503578641955
8029999999.999999,0.6464790375023518
8029999999.999999,0.6534509987570828
8029999999.999999,0.6708620255095311
8029999999.999999,0.6365027052673583
8029999999.999999,0.686520913933316
8029999999.999999,0.7043876092070379
1236000000.0,0.4654084233445274
3000000000.0,1.4197055211574885
1236000000.0,0.4742315207715417
3213000000.0,0.7253785254254749
8031000000.000001,0.749983206264044
7242000000.0,0.4727975193600334
8029999999.999999,0.7439224175968665
70554000000.0,11.207890920921344
8029999999.999999,0.9058079001429432
7242000000.0,0.4745989186988177
46703000000.0,12.865143724149878
46703000000.0,10.387939846172085
10732000000.0,0.6434441380172282
6738000000.0,2.5580570577031625
13000000000.0,51.935783310852166
7000000000.0,0.8397388368066746
7000000000.0,0.8304013262191507
7000000000.0,0.5502610317742958
7000000000.0,0.5411601456957255
10000000000.0,1.3884383632906987
10000000000.0,0.7637528730509061
21828000000.0,0.59481771866259
15323000000.0,1.227237308858675
2810000000.0,0.5616264484183794
8903000000.0,1.0406514109433187
10211000000.0,0.9393933821774076
6738000000.0,1.0709379026425876
2084000000.0,0.4425204926938784
2084000000.0,0.8511720977478499
24154000000.0,1.3764648005691698
7000000000.0,0.5335798433744053
12000000000.0,0.88805723718757
70554000000.0,13.03593601516099
8029999999.999999,0.819422107889426
8029999999.999999,0.8498893671229553
70554000000.0,12.191623304325518
8029999999.999999,0.7910630985256194
8029999999.999999,0.8342232202457845
1498000000.0,0.4461426117318118
3607000000.0,0.6955718223588185
46741000000.0,4.868875678055959
70554000000.0,24.294955092188385
70554000000.0,12.394907827173064
14770000000.0,1.4567499993965214
14770000000.0,1.4979490078097508
7615000000.0,1.843130530949716
34407000000.0,3.0383267111697756
14022000000.0,1.688768913825354
4769000000.0,0.8786187529837363
56707000000.0,7.573745947003327
8029999999.999999,0.9589293660241076
8000000000.0,0.6326067194392223
8029999999.999999,0.8567350675600638
8029999999.999999,0.8696863144847194
7616000000.0,1.1168119424540062
12248000000.0,1.6056733720976346
8029999999.999999,1.4026920558645364
3213000000.0,0.7136943710993237
3213000000.0,0.7098992379250731
3213000000.0,0.6790420787993628
3213000000.0,0.7024275750432208
7242000000.0,0.473352902911403
12000000000.0,1.588538152037204
8029999999.999999,0.9009742584093858
8029999999.999999,0.6972323700900078
8029999999.999999,0.6761609388675446
10732000000.0,0.8360996102835094
10732000000.0,0.8365921760063044
7242000000.0,0.460398776350902
8114000000.000001,0.6837071414696949
8114000000.000001,0.6604545756311642
8987000000.0,0.7192493966122806
8987000000.0,0.7278113725071576
9859000000.0,0.7867630512271585
7242000000.0,0.6218379317378522
10211000000.0,0.9953176565006856
10211000000.0,0.9963841173785796
10211000000.0,1.889978711408334
6000000000.0,31.923119280479877
1236000000.0,0.4650279939316764
32764000000.000004,10.210389776239603
620000000.0,0.978737373550742
620000000.0,0.5497443903172499
1837000000.0,0.9488707865996204
1837000000.0,0.5643288573973027
111210000000.0,71.27088842602943
111210000000.0,72.5652930561157
14167000000.0,1.92549058647731
14167000000.0,1.3384660100072798
32512000000.0,59.96715941585337
32512000000.0,46.0594497310076
3950000000.0,1.638682166903881
3950000000.0,0.8661506478387992
7721000000.0,1.82735405409524
7721000000.0,1.07882659669136
14316000000.0,9.54561289606972
14316000000.0,8.901971537535811
494000000.0,1.799938291689305
494000000.0,0.5578477231452632
1544000000.0,1.1081948920047158
1544000000.0,0.6588239385562741
57409000000.0,107.03147746473374
57409000000.0,42.5062475032037
72706000000.0,64.06227923986644
72706000000.0,37.55397442269999
7616000000.0,1.280582255575841
7616000000.0,1.042038985857492
72706000000.0,12.168247694827103
7616000000.0,1.563036062905102
73406000000.0,27.2497165156002
8291000000.0,1.0543822847239583
500000000.0,1.1653426288183506
500000000.0,0.6308244528197698
494000000.0,0.6185759745833384
1500000000.0,1.248501010003509
1500000000.0,0.6871893311954247
14770000000.0,5.585921351724733
14770000000.0,1.7736503203376015
32764000000.000004,5.874885542747245
32764000000.000004,5.752483170342869
3086000000.0,3.810507474005892
3000000000.0,1.388474305580962
72706000000.0,18.09192658999383
72706000000.0,33.00676832439911
7616000000.0,3.0279608791428823
7616000000.0,2.168271483115276
14770000000.0,3.6326252007532585
14770000000.0,1.3832140652589733
32000000000.0,4.690250267299801
32000000000.0,4.694389662979787
7616000000.0,2.301767168007955
7616000000.0,1.7798574812515715
7616000000.0,0.6976473478971377
72706000000.0,28.676884975257288
7616000000.0,1.3397297456276407
7000000000.0,1.1392665608863095
630000000.0,0.9872690931251266
7511000000.0,0.9235229122819598
8029999999.999999,1.8927465269670676
14000000000.0,1.5906290699310597
7373000000.0,0.641848681233742
7373000000.0,0.6240693126713804
8029999999.999999,2.5267999260414062
8029999999.999999,0.705851105075447
8000000000.0,0.7603778620962051
8029999999.999999,0.9145351611132494
8029999999.999999,1.4158069390079968
1544000000.0,1.7118710517795366
7616000000.0,0.929691912924937
7616000000.0,1.8560068866327823
7616000000.0,0.3570687049203953
8029999999.999999,0.9086809784711636
12879000000.0,0.837531938197392
3213000000.0,0.7331495359585803
2614000000.0,1.1575938811598998
2614000000.0,0.8883672035861858
7000000000.0,0.4522760060332542
8029999999.999999,0.8573924305183018
7242000000.0,1.2082068431884143
7242000000.0,0.6061633022825488
10732000000.0,0.8212041510763431
70554000000.0,8.618348546199883
70554000000.0,8.616454319859539
8029999999.999999,0.6604986385208319
8029999999.999999,0.8916722336274605
8029999999.999999,1.4686322460719523
12248000000.0,2.084664771380936
27227000000.0,3.8884690055220217
7376000000.0,0.63489301124129
8538000000.0,1.100976721852036
7616000000.0,0.8428531246952065
33744000000.0,1.9700698270129788
33340000000.000004,2.309528159748111
135000000.0,0.3271963061571026
3821000000.0,1.1917650832983249
8029999999.999999,0.7281392339637881
8029999999.999999,0.666376443992819
3204000000.0,1.7392998398253874
2506000000.0,0.877135651473592
8029999999.999999,1.604654524294257
3213000000.0,0.7229523812767585
8029999999.999999,0.6847817336385001
8029999999.999999,0.7493732199734641
14000000000.0,2.7391953907317577
14000000000.0,2.4208867010472463
14770000000.0,3.9051631212923
7242000000.0,0.5904773190551414
8029999999.999999,0.6937297804663696
12277000000.0,2.166723268658952
18500000000.0,3.381352696123503
7242000000.0,0.5699651837437177
7242000000.0,0.6296579933124996
7242000000.0,0.6102159266576387
7616000000.0,1.0279919496579069
7613000000.0,1.2490714881171332
1711000000.0,0.3073917465146485
1711000000.0,0.3064513280812135
12248000000.0,1.247129792198927
12248000000.0,0.995382493039316
3821000000.0,1.1642383119217057
8029999999.999999,0.6946847044469435
8029999999.999999,0.7317177491219062
8029999999.999999,0.6957175164854733
8029999999.999999,0.7446369586908865
8029999999.999999,0.7040395540365261
8029999999.999999,0.6063505850602298
8029999999.999999,0.6505760983862647
8029999999.999999,0.6449273903219844
8000000000.0,0.655879471211826
3397000000.0,0.7839565865232557
9000000000.0,1.6724468375511796
9000000000.0,0.2471345084927311
9484000000.0,0.2056699549861663
7242000000.0,0.5526633505557356
7242000000.0,0.5229961322672869
56703000000.0,9.368647478172592
8356999999.999999,47.80773355108649
8356999999.999999,3.1052033558226526
8987000000.0,0.6007522517906861
8987000000.0,0.6324822820385008
22247000000.0,1.6287042750308922
10159000000.0,2.9038187422170423
2614000000.0,1.3979546742564943
8020000000.0,0.8625558908808669
12248000000.0,1.8644415950803428
10732000000.0,0.5865812306525986
12248000000.0,1.8084403853529205
14766000000.0,2.2569964031424745
14770000000.0,2.1762175523031555
14770000000.0,2.2481988911684136
14770000000.0,4.230978874966906
14770000000.0,1.36962424840301
8029999999.999999,0.8308588807599449
1100000000.0,0.0910952097470587
1100000000.0,0.0949638317549066
1100000000.0,0.4303472609383115
1100000000.0,0.2684414548124125
1100000000.0,0.1657978794321313
1100000000.0,0.2489286186023628
12248000000.0,1.6749588551373191
12248000000.0,1.8410278639878008
11520000000.0,1.1409639487172696
7616000000.0,1.0900527971611962
7616000000.0,1.0585633993553958
14770000000.0,1.6536313087233494
7616000000.0,1.981399506116264
9242000000.0,2.9426582385169677
9242000000.0,2.716461798426298
9242000000.0,2.815150149488856
8029999999.999999,0.7012289124730338
8000000000.0,0.6567667237627417
8029999999.999999,8.20181186822828
8029999999.999999,0.9104745048401184
7242000000.0,0.5041588991194149
7242000000.0,0.5266735410929787
7242000000.0,0.5154844442317217
7242000000.0,0.5184075762952913
8029999999.999999,0.807001750300754
7242000000.0,0.6038895611140432
72706000000.0,12.222023526680106
70554000000.0,10.626190816152077
8029999999.999999,0.7956935282067676
70554000000.0,15.09161729420377
8029999999.999999,1.656874446221014
1544000000.0,0.7762368684901493
7242000000.0,0.5697686188205925
7242000000.0,0.6046788613286371
2506000000.0,0.9162352547124496
8538000000.0,1.513249432287414
46703000000.0,3.7743901940337143
12248000000.0,1.3805272693035775
13960000000.0,0.7827475105429801
10732000000.0,0.8157302969106476
2614000000.0,3.159145214396478
9242000000.0,2.9060682022407844
14770000000.0,1.4772324665341148
14770000000.0,1.5163104758956842
8029999999.999999,0.8126872040589411
8029999999.999999,0.8203066313793821
16061000000.0,1.1994908807701423
70554000000.0,9.692171995228287
70554000000.0,11.217593739279344
70554000000.0,13.997285025092191
8029999999.999999,1.7792774160356644
8029999999.999999,0.9381708246723048
8029999999.999999,6.415623111815019
8029999999.999999,0.8767651162121209
8029999999.999999,0.9162338472706588
8029999999.999999,0.9010976896871584
8029999999.999999,1.6750307549925971
8029999999.999999,6.528982131474145
3213000000.0,1.5053553740624162
3213000000.0,0.7388843500166301
3213000000.0,2.8562988781823337
8029999999.999999,0.856611700315968
12248000000.0,1.7207918119114691
60814000000.0,9.815167910304776
34389000000.0,3.0213754984860577
7242000000.0,0.6677540108548141
8029999999.999999,0.859597759313963
8029999999.999999,0.8717282290731772
7616000000.0,1.3139713765266914
1236000000.0,0.3879246018122551
10732000000.0,0.7460111016054243
13000000000.0,70.97758708474622
13000000000.0,3.5194581300833336
70000000000.0,29.09606329195423
12248000000.0,1.6905107056350748
12248000000.0,1.859893396453172
12248000000.0,1.856220455380966
12248000000.0,1.632193748171329
6061000000.0,0.7631090945772556
8029999999.999999,0.892521845193913
6061000000.0,1.383177078812052
3000000000.0,1.0784390552843282
9242000000.0,2.8526600862704843
494000000.0,0.5731352075149264
494000000.0,1.0299846272113329
494000000.0,0.9486913674692108
494000000.0,0.6549974035702691
494000000.0,0.637698456571065
1544000000.0,0.5953407879970395
1544000000.0,0.604627823543865
7616000000.0,0.7701569632706955
494000000.0,0.5033914882173928
630000000.0,0.6558458858952403
1544000000.0,0.737595569866024
494000000.0,0.5232995127945267
630000000.0,0.6040593594452638
14316000000.0,7.122668890483286
7242000000.0,0.6537194445601759
8029999999.999999,0.7877013006950208
7616000000.0,0.6763537155464325
7616000000.0,0.7841929395064788
7616000000.0,0.7295706407183206
7616000000.0,0.6820802918316433
15010000000.0,2.377668733891995
8029999999.999999,0.655590932177198
70000000000.0,9.657022322955198
72706000000.0,12.383464072727527
14000000000.0,4.077311900079353
8029999999.999999,0.910218264650151
34389000000.0,11.785940686355906
72289000000.0,38.824997398915215
70554000000.0,13.303413234131712
46703000000.0,3.941415502307858
72706000000.0,13.25733477813692
12476000000.0,0.9652794290367236
15058000000.0,1.8711219678164464
135000000.0,0.3518284991076842
135000000.0,0.3368038919891565
70554000000.0,10.761027987938649
70554000000.0,12.527046588839074
8029999999.999999,0.90594009734045
16061000000.0,1.8728780478601408
34389000000.0,3.0215744731066168
7616000000.0,1.2834082223865078
7616000000.0,1.3063158611399417
5195000000.0,0.4960236920570875
51570000000.0,10.11214260696736
12248000000.0,1.8664320508033132
12248000000.0,1.4686936675538085
8029999999.999999,0.7943914887773879
8029999999.999999,1.29581991340157
16061000000.0,0.9107210973468606
70554000000.0,36.59305048008708
70554000000.0,38.02202622335404
70000000000.0,36.80074903312945
70554000000.0,27.3383271895368
8029999999.999999,0.7037741489943292
8029999999.999999,0.701232116583257
8000000000.0,0.6703375733644923
8000000000.0,0.7368990676270604
8029999999.999999,0.6832462795173833
1177000000.0,0.2488737499517443
7000000000.0,1.199950729120621
6888000000.0,0.5905641584250613
6919000000.0,3.0764071169246754
6919000000.0,5.487959267855377
24184000000.0,6.184960078892751
2614000000.0,1.194263489663256
27227000000.0,4.0899677378222865
2614000000.0,1.2000114440226253
27227000000.0,4.411521066912927
27227000000.0,4.346639061007251
27227000000.0,4.406683357610018
9242000000.0,1.6076699635038736
9242000000.0,1.785003294627172
10159000000.0,1.918678513458721
10159000000.0,2.3228609032468923
27227000000.0,4.152740576796857
7616000000.0,0.6832822024679334
7616000000.0,0.6249865554672216
7616000000.0,0.6172341601546149
7616000000.0,0.6790699326221301
7242000000.0,0.6303240903275028
61997000000.0,13.491858717706602
7616000000.0,0.6373238302061799
7242000000.0,0.4824504585756867
7248000000.0,1.1250982811283448
11234000000.0,0.7070377341449438
7242000000.0,0.6611884983106348
7242000000.0,0.6655368720012832
19188000000.0,1.255132304319672
12879000000.0,0.8081085595214712
7242000000.0,0.6165734263900131
12879000000.0,0.8419798184824282
12879000000.0,0.8793591508664917
12879000000.0,0.9857385654766668
12879000000.0,0.8201396697282731
12879000000.0,0.804166644221118
12879000000.0,0.8245726526160646
12879000000.0,0.8217713466378345
12879000000.0,1.7259072319685973
12879000000.0,0.8657309831093002
7242000000.0,0.6131722434053442
12879000000.0,0.8446579510699425
19188000000.0,1.9653789157476356
7242000000.0,0.6054927144671498
7242000000.0,0.5840462829985735
7242000000.0,0.6319112155621772
7242000000.0,0.6171595141435741
13960000000.0,1.0459248462033603
13619000000.0,2.012332433635963
13619000000.0,3.0526599028620556
13619000000.0,1.9892565878484632
13960000000.0,1.0088484968373466
13960000000.0,0.9350658025424768
13960000000.0,1.0376150598017824
3821000000.0,0.5290418828356667
16687000000.000002,1.4581264514682195
63923000000.0,13.31742355978756
42516000000.0,8.85698112781925
7616000000.0,0.7299207114572962
7616000000.0,0.6196075029913799
7616000000.0,0.6620992956265225
7616000000.0,0.6716544484134207
7616000000.0,0.7037515624042076
14770000000.0,2.3668818724075553
7616000000.0,0.6830340987201957
14766000000.0,1.879161762888179
14766000000.0,1.8618124906663431
14766000000.0,1.74082723772661
14766000000.0,2.040274497314595
14766000000.0,2.0210439976374364
14766000000.0,2.1496419439908308
14770000000.0,2.264443423976733
7616000000.0,0.6365799320368153
14770000000.0,2.2196310822343723
7616000000.0,0.6094453465021652
7242000000.0,0.6163494379872385
7242000000.0,0.6178581127072122
42516000000.0,8.44788269726343
7242000000.0,0.6324689688837714
25204000000.0,1.7077122940725131
7242000000.0,0.6316705585239104
7242000000.0,0.6126235610180045
34389000000.0,7.022691649268411
18769000000.0,0.9884573159686586
34389000000.0,7.184353448065919
34389000000.0,3.5240661174641805
34389000000.0,2.9887778728817245
34389000000.0,6.035957880414699
12879000000.0,0.7996314840749801
7242000000.0,0.610050396647597
18769000000.0,0.9795747397987066
39971000000.0,4.063468101255612
22247000000.0,2.8959015837971753
6919000000.0,3.2011546471020527
7158000000.0,0.809358294835876
362000000.0,0.3701232776122953
140621000000.0,93.30522166371864
72706000000.0,12.515122705028327
34389000000.0,2.9606241441622823
7242000000.0,0.6496099383682525
135000000.0,0.1287191757663833
134000000.00000001,0.5257072833160255
2506000000.0,0.7899265655204333
72706000000.0,12.891056208981023
12248000000.0,1.648835387888823
72706000000.0,12.134216855124471
12248000000.0,1.6090630508881307
27227000000.0,3.93753396148653
34389000000.0,6.1893095570763865
9242000000.0,2.889965304987409
9242000000.0,2.901825017061758
12248000000.0,1.699015728978048
22247000000.0,1.650290035734293
27227000000.0,5.736353893566187
9242000000.0,2.556326151061109
7000000000.0,0.6299555515092122
72706000000.0,11.493293564750758
7616000000.0,1.098532827772252
7616000000.0,1.1360401936497302
8029999999.999999,0.8559933850118808
8029999999.999999,0.8307141017457323
14770000000.0,5.867811667451773
14770000000.0,1.5143141216064209
3086000000.0,1.0365265177350849
7242000000.0,0.667908131155709
46703000000.0,21.390844571977865
8029999999.999999,0.965677051991664
13016000000.0,0.9390633140806396
8029999999.999999,0.7411194593647361
7616000000.0,1.0820462869181575
7616000000.0,1.0389196864266574
8029999999.999999,0.8865273057959672
7242000000.0,0.5844240709525
7242000000.0,2.567058367715035
7000000000.0,1.2823301685029582
7242000000.0,1.2709913108512711
7242000000.0,0.6497345585240509
7242000000.0,1.296432659955362
7242000000.0,0.6471879072064601
12248000000.0,2.715151652860276
8538000000.0,1.6435055986333496
7242000000.0,0.6360726008946632
7242000000.0,0.5516288866920487
15958000000.0,35.04454774970807
3030000000.0,0.446628918326529
7174000000.0,0.5064013785275613
1065000000.0,0.7170213575437042
1722000000.0,0.8183595987895594
3003000000.0,0.996056190661247
559000000.0,0.762716140153453
7069000000.0,1.005775018599952
70554000000.0,13.726847026196763
3821000000.0,0.6536518309645085
3000000000.0,1.3411621176700346
3821000000.0,0.807534457534839
7616000000.0,0.6868959640429771
8029999999.999999,0.9050025226144224
7616000000.0,0.6726841663982666
8029999999.999999,0.8945445185384541
8029999999.999999,0.9330848040028548
8029999999.999999,0.8878242183166523
3607000000.0,0.7403094827455026
3213000000.0,0.6552407354088423
3213000000.0,1.3810287495461295
3607000000.0,0.685066791807929
3607000000.0,0.7139397859248248
3607000000.0,0.6715757174970428
3821000000.0,0.796885466585362
7616000000.0,0.7097950061613115
7616000000.0,0.6705275793534974
7616000000.0,0.6879707866416571
7616000000.0,0.6936494781177268
3397000000.0,0.91970101664535
7616000000.0,0.7101054102494385
7616000000.0,0.6629499050008137
7616000000.0,0.7502872360034238
1711000000.0,0.3313324006887125
3423000000.0,0.7000256974531178
8029999999.999999,0.6939240806236099
22247000000.0,1.4022864616962205
8829000000.0,1.0901032098513954
8829000000.0,0.844572338140038
7616000000.0,1.3116911900099903
8029999999.999999,0.9447744382359008
16061000000.0,1.064800311611869
3821000000.0,0.4878184839567265
9242000000.0,2.7680393522812317
9242000000.0,2.7878124079972344
8029999999.999999,0.940294085500808
8029999999.999999,0.9451146326066104
8029999999.999999,0.7204813829159327
7242000000.0,0.5090339851534275
126926000000.0,21.539554801943073
60814000000.0,7.332588480112929
60814000000.0,7.339246639361052
8029999999.999999,0.719830889824629
8029999999.999999,0.7235601647354057
8029999999.999999,0.7415271680676786
8029999999.999999,0.7391201399324697
70554000000.0,12.149088069604227
34389000000.0,2.992653350003133
8829000000.0,1.0508657143917215
-1000000000.0,0.8404817926898199
13960000000.0,0.8439536564991926
13960000000.0,0.8207965966186911
72000000000.0,25.1155535276709
7616000000.0,1.2791972698243057
34000000000.0,3.245260527111792
7248000000.0,0.6000825804202548
12248000000.0,1.3751424816578617
2614000000.0,1.5112480112307456
8029999999.999999,1.7563130224417407
8029999999.999999,0.7057891347155406
31000000.0,0.0476130576281758
31000000.0,0.0321618955141367
43000000.0,0.0583918477434125
43000000.0,0.0599158754122729
2000000.0,0.0473079448859343
8029999999.999999,0.7789078930831386
22543000000.0,1.774248118132194
8029999999.999999,1.3541487741584417
7000000.0,0.8981820462609266
131597000000.00002,47.958027273119946
6000000000.0,0.6607799122762328
12000000000.0,1.3971194622796634
3000000000.0,0.7580844840777289
7000000000.0,0.8302059935466812
72000000000.0,8.688690924550217
10732000000.0,0.8489762559451299
67000000000.0,59.82180866869628
7000000000.0,0.8225355894473253
7000000000.0,0.7744825476156803
16376000000.000002,7.002465430903852
16376000000.000002,4.59347807294513
77965000000.0,12.99676737803676
70554000000.0,14.440342717036888
8029999999.999999,0.9280793908584456
8029999999.999999,0.9498608388033823
72699000000.0,12.625331621172595
7251000000.0,0.6740384443699406
7251000000.0,0.6483948039518549
88000000.0,0.1230815404141221
5211000000.0,3.8962154220103407
27227000000.0,5.025428975037113
10159000000.0,2.151691970002746
10159000000.0,2.7640972150750645
8029999999.999999,0.84366432365315
8029999999.999999,0.7441530391636442
8029999999.999999,0.8227195310138873
8029999999.999999,0.8649517979081178
8029999999.999999,0.8045188499112532
12248000000.0,1.446493084273316
12248000000.0,0.977696550361434
12248000000.0,1.207739424781903
7613000000.0,1.334762639354905
3213000000.0,0.6406309009620793
3213000000.0,1.28137393932878
18731000000.0,2.1363783500494
8247999999.999999,0.8051873277794882
99646000000.0,14.736988145025224
73976000000.0,9.811516941604658
8685000000.0,0.9716719482659708
81677000000.0,15.40632892363376
17709000000.0,2.3105465366832307
77965000000.0,13.57608287594545
77972000000.0,13.58752366167113
77965000000.0,13.375884555218812
7242000000.0,0.5667250020717028
8029999999.999999,0.8911415755233946
8029999999.999999,0.9403697250383828
8029999999.999999,0.8914670888045706
8029999999.999999,0.8852697548808296
8029999999.999999,0.9130963052727826
8029999999.999999,0.8992028739037912
8000000000.0,0.9021110151511104
2000000000.0,4.599594167111726
2000000000.0,1.4103964797398425
2000000000.0,1.4169074342609027
14770000000.0,1.5298724093561251
14770000000.0,1.5830805553767415
14770000000.0,1.8956058795792776
24154000000.0,1.4560283065171231
9242000000.0,2.276830182919858
9242000000.0,1.9936834743962104
8029999999.999999,0.7143606424162453
14770000000.0,1.708913877426906
14770000000.0,1.2942433295795657
494000000.0,0.5119312028786649
8029999999.999999,0.7446187156299986
8029999999.999999,0.7338026148797192
12248000000.0,1.502531064915665
1546000000.0,0.4472976984260272
2795000000.0,0.4468403034455189
7616000000.0,0.7336556159842151
1300000000.0,0.4030047778452296
30000000000.0,2.9998447862678397
8029999999.999999,0.823135911240806
8029999999.999999,0.7419059249815282
70554000000.0,9.204711110907782
13960000000.0,1.520981193227809
70554000000.0,9.374128960268552
32764000000.000004,32.87910721516035
32764000000.000004,11.366068492834712
34389000000.0,3.1644662473043965
7242000000.0,0.5606388227223992
21421000000.0,2.2984137776017173
7616000000.0,1.2467385811627305
7616000000.0,1.3325919554946777
7242000000.0,0.6317904924898066
1777000000.0,0.5917429865324039
3397000000.0,1.5667288706433231
7242000000.0,0.6342055748605666
70554000000.0,10.284832878308851
8029999999.999999,0.932412235058643
7242000000.0,1.8056222637238803
70554000000.0,10.259992267649446
12248000000.0,1.4826319967777066
7242000000.0,0.6275296069142738
8029999999.999999,0.6803924250738189
72288000000.0,11.789790603600164
10732000000.0,0.8011110551571363
10732000000.0,0.8135019786882783
10732000000.0,0.8159558847201767
1711000000.0,0.1347453841256812
8029999999.999999,1.3456739571963208
8029999999.999999,0.9613568355598232
70554000000.0,10.559754400328728
70554000000.0,10.902293212970626
8029999999.999999,0.8489310874346324
69500000000.0,25.24377639772199
11520000000.0,1.0499718678678198
8029999999.999999,0.6767219468478284
8029999999.999999,0.6521550186007037
7616000000.0,0.6968903124772825
9242000000.0,1.7814847186971148
2506000000.0,0.9498831960526668
248000000.0,0.1566214404244561
783000000.0,0.2334913716353082
77000000.0,0.1431302422751388
2850000000.0,0.3489293442933807
2850000000.0,0.2853517301787843
11267000000.0,0.7064768273146297
19460000000.0,0.5599662834484231
2506000000.0,0.3292147814227601
8538000000.0,0.578299189963354
27227000000.0,5.61424927838634
27227000000.0,4.826211186692737
2614000000.0,1.5187957227139828
2614000000.0,1.4182573511315797
2614000000.0,1.2347432742058528
2614000000.0,1.011437210514093
2614000000.0,0.8544002490400107
9000000000.0,5.663185691790397
9000000000.0,5.014497020774933
2506000000.0,1.2362508245033688
2506000000.0,0.3529503310477593
8538000000.0,1.2549140578199318
8538000000.0,1.0999544452692995
390000000.0,0.2000398181644652
170000000.0,0.1804936743607732
3230000000.0,0.9037672245771816
11900000000.0,2.2819385026222916
2683000000.0,3.692652871561375
2683000000.0,1.933035926041196
9000000000.0,23.20619009817378
9000000000.0,13.362608412740016
620000000.0,0.1467029338774024
-1000000000.0,0.6680460445581992
1544000000.0,0.551465090928402
137000000.0,0.3239280124164491
137000000.0,0.0392451730685468
8029999999.999999,0.8871644867662838
8029999999.999999,0.5475483539199297
8000000000.0,0.6169416731127875
8029999999.999999,0.9019147184130104
9242000000.0,2.9540369804066744
8029999999.999999,0.8568726202971928
8029999999.999999,0.7008734157127516
8029999999.999999,0.713158330577237
8029999999.999999,0.5640896846190612
6738000000.0,0.7813164603497033
3962000000.0,0.4445019646068043
3962000000.0,0.4626213369360926
514000000.0,0.2189033510913629
3962000000.0,0.2991405768494521
13000000000.0,0.9626298626305162
8029999999.999999,0.745335038770084
8029999999.999999,0.5795779980701291
6069000000.0,0.8336341749315878
7616000000.0,1.8313964563876477
27227000000.0,3.887913962513524
27227000000.0,4.464646243194487
27227000000.0,4.265370293780391
27227000000.0,4.2181891006273275
7616000000.0,0.6000521479376661
13016000000.0,1.1061405985715995
65286000000.0,9.330108081950852
6738000000.0,0.5636042156771623
32764000000.000004,11.150976795354357
14770000000.0,1.6239827237895668
7616000000.0,2.166124305693874
7616000000.0,2.219740015468243
8029999999.999999,0.924664498382478
8029999999.999999,0.895276262218848
117749000000.0,13.75243173308043
35428000000.0,2.5746805043774152
7242000000.0,0.5503968344485408
1335000000.0,2.4764253621446746
1335000000.0,2.184326487724173
2634000000.0,1.0461668914642688
2634000000.0,1.018948081568125
3374000000.0,3.5357838236007946
3374000000.0,3.076680553126776
8170999999.999999,1.885655879319516
8170999999.999999,1.712992587007898
6738000000.0,0.6526238385611688
6738000000.0,0.7114519189650554
7242000000.0,0.5928221604212743
7242000000.0,0.5967558303861016
7242000000.0,0.6102062530197291
7242000000.0,0.4143506326946029
7242000000.0,0.4298166096071882
7242000000.0,0.4634693836566395
7242000000.0,0.4240323946721359
7242000000.0,0.4298230233007797
7242000000.0,0.4485484687885171
7242000000.0,0.4145128109049576
7242000000.0,0.4227377532392409
7242000000.0,0.4252933563188715
7242000000.0,0.9399952914679732
7242000000.0,0.4273104993029337
7242000000.0,0.5868542314197152
7242000000.0,0.5849415728108589
7242000000.0,0.5717445464225894
7242000000.0,1.7559605381525063
7242000000.0,1.6930989912609933
7242000000.0,0.6014486077275787
7242000000.0,0.5449298001274147
7242000000.0,0.4165849064584632
7242000000.0,0.5725338105644989
7242000000.0,0.5714350519540776
7242000000.0,0.5694376222129963
7242000000.0,1.292448762812455
7242000000.0,0.54807863292486
7242000000.0,0.5554427665167333
7242000000.0,0.6482854097341464
7242000000.0,0.5799420472010602
7242000000.0,0.5007286994284761
9242000000.0,4.317604421462027
7616000000.0,1.060605045683814
500000000.0,0.2457921450668255
8000000000.0,0.6636455169122932
1889000000.0,0.596422562282053
1890000000.0,0.7716656473585425
19860000000.0,3.732707871332407
7738000000.0,1.4533815135153885
12248000000.0,2.230948348432325
10732000000.0,0.7642507363470094
8029999999.999999,0.8714165424651581
8029999999.999999,1.2812671972183436
22247000000.0,1.0252777960394084
68977000000.0,7.143677368740989
407000000.0,0.2330637466368569
19994000000.0,2.144948163311079
7616000000.0,0.7269106695409595
7000000000.0,0.9782814538160408
7616000000.0,0.7230310643297215
7616000000.0,0.7315881773747307
7616000000.0,0.684100532704964
7616000000.0,0.6259135424099636
7000000000.0,0.6153502238793745
7616000000.0,0.6613080657836182
7616000000.0,0.6841011391675504
7616000000.0,0.6648698088219905
7616000000.0,0.9197961019155751
10732000000.0,0.7697308773313882
8029999999.999999,0.6964260107431075
7242000000.0,0.6119134897746422
8029999999.999999,0.99351819779576
8029999999.999999,0.808220322486785
8029999999.999999,1.0365630515642712
8029999999.999999,0.8182986474011524
8029999999.999999,1.0279018780334526
8029999999.999999,0.8151268001288113
8029999999.999999,1.024438148186672
8029999999.999999,0.9341308193595684
8029999999.999999,1.019765793293449
8029999999.999999,0.9352257723152004
8029999999.999999,1.0348643968356557
8029999999.999999,0.8413158307025352
8029999999.999999,1.0557926311746306
8029999999.999999,0.851835662764295
8029999999.999999,0.9526847714993242
8029999999.999999,0.7933573433291264
8029999999.999999,0.908481421265332
8029999999.999999,0.8062624080333317
8029999999.999999,0.9006309261833836
8029999999.999999,0.9299117948129532
8029999999.999999,0.9102559390833452
8029999999.999999,0.9111340828720692
8029999999.999999,0.923384742054847
8029999999.999999,1.0377121651606749
8029999999.999999,1.329660431636281
8029999999.999999,0.8261061780318913
8029999999.999999,0.7863609574915011
8029999999.999999,0.9573353325540768
8029999999.999999,0.8419330956629213
8029999999.999999,0.8980509507576335
8029999999.999999,0.9010580927313352
13960000000.0,8.248900623072105
13960000000.0,1.540603253288398
3821000000.0,0.7547244952049539
3821000000.0,0.7992229434580425
3821000000.0,0.9744445535056264
24154000000.0,1.3838278065408878
24154000000.0,1.4312724034989237
7242000000.0,0.6066034983407438
7242000000.0,0.6264283536746461
7111000000.0,0.5391106010185486
7242000000.0,0.6607435339837496
305000000.0,0.1857678895350065
10732000000.0,0.7452936846364598
7242000000.0,0.6396390467938745
9300000000.0,2.2999777248574724
4131999999.9999995,1.356984555743579
8911000000.0,4.623590045757661
15231000000.0,1.2790307621283392
7891000000.0,1.9749664085473255
7891000000.0,0.9583658306092072
7242000000.0,0.4462240864402073
6738000000.0,0.5970757462040044
494000000.0,0.5829399791876275
494000000.0,1.2679730880886273
494000000.0,0.5252733567929562
1544000000.0,0.5931069916412925
1544000000.0,0.6118712565682319
6061000000.0,0.5015803959113865
6061000000.0,0.498131132253495
7901000000.0,1.7980964152747454
15443000000.0,1.464321083426148
8029999999.999999,0.8484468327525838
10159000000.0,2.9106881804306695
10159000000.0,3.227277245236008
10159000000.0,2.157440904099819
10159000000.0,2.996241894044154
10159000000.0,2.9813962356480848
10159000000.0,3.3985955549788076
10159000000.0,2.7879959794883304
9242000000.0,2.3037277659902227
9242000000.0,3.4755098819392485
9242000000.0,3.4138224767880523
10159000000.0,2.329564240607788
10159000000.0,2.2896179468099698
10159000000.0,2.4250168402421792
10159000000.0,2.7652375901844013
10159000000.0,2.6852774281542287
8029999999.999999,0.7985960119985078
8029999999.999999,0.8462277043082896
3821000000.0,1.539546381109783
3821000000.0,0.8603449555758487
3821000000.0,0.7171468373544209
3821000000.0,0.7135939533547564
3821000000.0,0.7303252562075893
3821000000.0,0.6394276779244312
3821000000.0,0.5355167901301285
3821000000.0,0.9685256255921008
8029999999.999999,0.8409896248922019
8029999999.999999,0.8025665878425922
8029999999.999999,0.8863369451745771
8029999999.999999,0.8348683505398102
8029999999.999999,0.9465042585534
7248000000.0,1.2590159657534048
7248000000.0,0.6268180652325449
1544000000.0,0.6401782543004979
1357000000.0,0.5554145432363247
2810000000.0,0.5793884284358181
2810000000.0,0.5438091790854709
3821000000.0,0.543325489591988
13000000000.0,1.094232905688383
7000000000.0,0.5633782031203843
7000000000.0,0.6027181051322219
8029999999.999999,0.9315738571879582
8029999999.999999,0.7677029628444899
7616000000.0,1.016006795896826
1347000000.0,0.2477466571993112
7616000000.0,1.3398073956474044
3213000000.0,0.7303429628875555
3213000000.0,0.7029510293033439
8029999999.999999,0.9591253228649962
8029999999.999999,1.1110222176474127
8029999999.999999,0.9046353132269994
8029999999.999999,1.235810514270098
494000000.0,0.8517719561741942
494000000.0,0.8509404483701427
494000000.0,0.8607415912894161
494000000.0,0.9037178751918784
630000000.0,1.0989509784510771
70554000000.0,28.65084585457039
70554000000.0,39.90530864379392
7616000000.0,0.9594128357573144
8029999999.999999,0.7130500345654077
1498000000.0,0.3517439568759496
1498000000.0,0.7278507003209941
2209000000.0,0.8131702633730724
2209000000.0,0.8155329966330017
2472000000.0,5.271012081291912
2472000000.0,2.1944434204951326
1000000000.0,0.3539950213455573
7646000000.0,1.0590999906910972
11169000000.0,0.8427408287680233
3821000000.0,0.5304863487951661
2113999999.9999998,0.3361416162571994
8029999999.999999,0.7043696992829962
24154000000.0,1.6644006630879888
13016000000.0,0.8745695082151663
13016000000.0,1.1123801563079765
68977000000.0,22.89845505526058
68977000000.0,29.621246617151854
6738000000.0,1.156879036155158
6738000000.0,0.5630945627720637
8029999999.999999,0.7132435809438464
1240000000.0,0.41912851784102
1240000000.0,0.4049045249076224
3213000000.0,1.3318126489949191
3213000000.0,1.2712035198661342
70554000000.0,38.279537053726465
70554000000.0,23.4071857793614
70554000000.0,18.239150117739147
8029999999.999999,0.8725684976108097
8029999999.999999,0.7974996778909468
8029999999.999999,0.9494732571884624
70554000000.0,13.601852032718597
70554000000.0,26.802015716870088
8029999999.999999,3.5985230038683027
8029999999.999999,2.48701186834409
345000000.0,0.1294644851002661
13000000000.0,1.0085816995954922
7000000000.0,1.2093119327499386
13960000000.0,1.9475587445261675
13960000000.0,1.455262523329366
3821000000.0,24.22225159268882
3821000000.0,0.8040748299123722
3821000000.0,0.7866992654543408
7392000000.0,2.508467906194247
7392000000.0,1.025453603521799
42000000000.0,4.632278613944312
3821000000.0,3.696004302337374
1418000000.0,0.2862292475280795
1418000000.0,0.3408620690576331
2780000000.0,0.423520982590239
70554000000.0,8.769697989560003
8029999999.999999,0.8286983662741313
7248000000.0,0.6471697737859032
12248000000.0,1.8899918565127225
13960000000.0,2.2381702245810446
72000000000.0,14.613087266966872
22247000000.0,1.5021573106630008
22247000000.0,1.553521592870461
22247000000.0,1.561207568663611
1837000000.0,1.0949003455424968
3316000000.0,0.264486930516462
7242000000.0,0.5532132779204353
140630000000.0,52.49448516855476
22247000000.0,1.3066695609381
8020000000.0,0.797086392156932
7242000000.0,1.2160447174800653
7242000000.0,0.5344066290509847
7248000000.0,0.5377834643891
7242000000.0,0.6755344655681169
7248000000.0,0.6604756000812907
122610000000.0,26.27230522887299
11580000000.0,1.7029954549103143
12248000000.0,2.9976005624836857
22050000000.0,1.3793375088517446
22247000000.0,1.6100074880413604
140621000000.0,47.14757859237797
140621000000.0,104.69731627511148
46703000000.0,13.76493936614677
46703000000.0,18.387864579754865
46703000000.0,5.135099854813959
12879000000.0,0.924035071773507
8029999999.999999,0.5121881406668524
7242000000.0,0.5725717098809129
24154000000.0,1.3863027070825318
52268000000.0,27.56350771486851
47392000000.0,8.523076769430045
8029999999.999999,0.8374097575107993
8029999999.999999,0.8237395942584049
8029999999.999999,1.5119146885760388
8029999999.999999,1.198361881597928
70554000000.0,30.879892456805557
8029999999.999999,2.454049515488103
7242000000.0,0.6717071150134716
8029999999.999999,2.7077438813018277
8029999999.999999,0.9850067516335184
8029999999.999999,0.890299820776769
4458000000.0,0.9609510670681426
70554000000.0,16.09712501603509
13668000000.0,1.9265679456770797
24942000000.0,5.805487386857481
24942000000.0,3.4222179841587153
16061000000.0,1.532680261546071
2614000000.0,1.3386875489969998
7000000000.0,0.6435034251930756
12248000000.0,1.2378570942899771
7616000000.0,1.0758356037929615
12248000000.0,1.849727228570892
12248000000.0,1.7021165130013975
12248000000.0,1.751720675119927
12248000000.0,1.627419781527904
9242000000.0,1.9473156288396591
12248000000.0,1.5562493274373266
7242000000.0,0.581121007587213
70554000000.0,41.991923288656565
70554000000.0,9.993593035315849
12248000000.0,1.9186019400856849
12248000000.0,1.690533585792432
12248000000.0,1.8093395714036888
12248000000.0,1.4054244954299064
7242000000.0,0.4368162834365516
12248000000.0,1.776771295147254
12248000000.0,1.4048565334201466
12248000000.0,1.217157414225018
12248000000.0,0.9592880026978776
12248000000.0,0.93555218681873
12248000000.0,0.9755111043466568
22247000000.0,1.612721703579025
22247000000.0,1.5886032328121744
12248000000.0,1.2375815844225104
14770000000.0,1.6906118654504574
12248000000.0,1.2254147558275827
12248000000.0,1.7408720915078146
27227000000.0,7.695458269738416
9242000000.0,2.809608768849047
8029999999.999999,0.8835693905046188
8029999999.999999,0.9372374607461672
12248000000.0,2.052346504613404
12248000000.0,1.4946224208050107
12248000000.0,1.8246200560013104
12248000000.0,1.5748145702468743
12248000000.0,2.8709078021826144
12248000000.0,1.8353690488650236
12248000000.0,1.760461336781201
12248000000.0,1.6750269708580443
12248000000.0,1.429373419444778
1176000000.0,0.1506168651770602
8029999999.999999,0.7041129351341759
8029999999.999999,0.7209104458546243
8029999999.999999,0.7224673074607508
8029999999.999999,0.705625944505131
8029999999.999999,0.7733143983972721
8029999999.999999,0.7414188488584108
8029999999.999999,0.7735791810879825
8029999999.999999,0.7915696524463773
8029999999.999999,1.749807898283468
8029999999.999999,0.824523577087792
2780000000.0,0.4081200023094667
2780000000.0,0.4671379607112721
2780000000.0,0.4825136794325669
2780000000.0,0.4864882582264332
2780000000.0,0.5094182102556662
2780000000.0,1.4467861409038123
2780000000.0,0.3956681264353288
2780000000.0,0.3881837361812106
2780000000.0,0.3845365580575767
8029999999.999999,0.9570787635438418
8029999999.999999,0.8678840987838602
8029999999.999999,0.8794107327163433
8029999999.999999,0.840528673499928
8029999999.999999,0.8103797116816797
8029999999.999999,0.7439026643676916
8029999999.999999,0.7122883465194254
7616000000.0,0.6907341953287501
7616000000.0,0.6745983422890776
7616000000.0,0.5856034816323977
7616000000.0,0.6397204140166718
7616000000.0,0.6725841884959783
7616000000.0,0.6392521182056509
7616000000.0,0.6544450448327062
10159000000.0,2.131856000028935
8029999999.999999,0.7495062636779843
10159000000.0,2.394044198507278
10159000000.0,2.5405499103252285
7616000000.0,0.6957007877403425
2506000000.0,0.3968136960913782
34714000000.0,5.017769702277288
34714000000.0,6.328604130163559
12451000000.0,2.9343057996867397
12451000000.0,2.9246186706753226
12451000000.0,6.0446685795552275
12248000000.0,1.794363055741438
7242000000.0,1.1744057403627075
8029999999.999999,0.7071641192531434
12248000000.0,1.7226627845551057
12248000000.0,1.7456709308793783
1523000000.0,9.107914378801688
1523000000.0,6.712665764242828
4019999999.9999995,0.4676906358052289
70554000000.0,13.62874763360126
4000000000.0,1.1892668131564303
7220000000.0,1.4125207201663268
7880000000.0,3.4040283202450357
8414000000.0,1.9938979629252904
4000000000.0,1.1173137879976969
8029999999.999999,1.626704930511354
7242000000.0,0.6570230463653188
7242000000.0,0.6887381207425713
9300000000.0,2.4075434496217865
33744000000.0,2.0870035687499255
1075000000.0,0.401478046019652
914000000.0,0.3766212854854142
753000000.0,0.3824878815150739
137000000.0,0.0859412568146148
137000000.0,0.117386895248811
812000000.0,0.1804622384316189
380000000.0,0.1210619150005958
1608000000.0,0.2153136998384848
1000000000.0,0.5400368474711362
7242000000.0,2.354958864336844
7242000000.0,0.5164510603796584
8029999999.999999,3.2673317125059
7000000000.0,0.5012105911805675
13000000000.0,5.302455051728013
13000000000.0,5.027693621846664
8029999999.999999,0.8692575814647587
14770000000.0,1.3869086102455936
68977000000.0,6.191694182968674
72288000000.0,12.546249461989335
72289000000.0,23.031124302962095
72289000000.0,10.4183912289729
72289000000.0,20.896294207346823
8029999999.999999,0.9085320048952624
13000000000.0,2.1817800526593905
3426000000.0,0.5247755745166754
7000000000.0,0.5925114845474425
13000000000.0,1.0971793715207825
70000000000.0,6.406536988575112
7000000000.0,0.6399501421619029
8029999999.999999,0.8789707757835428
8000000000.0,0.8166896639067601
8000000000.0,0.9718497692822918
8029999999.999999,1.2163678462090854
8000000000.0,0.7698236449374195
72000000000.0,14.051707198121017
7616000000.0,0.925109411514538
72706000000.0,11.415142070664045
1566000000.0,0.2799384581772255
1566000000.0,0.2914165154433359
3213000000.0,0.69050761486917
3213000000.0,0.662456207120752
3213000000.0,0.6584533497575447
380000000.0,0.0781863537857376
8020000000.0,1.0169346078640138
8029999999.999999,0.8786637911145913
8029999999.999999,2.344706085397087
8029999999.999999,0.724373552397904
8029999999.999999,1.8224611007545528
8029999999.999999,1.656687326449919
8029999999.999999,1.7882860795334263
8029999999.999999,0.9678460554423564
8029999999.999999,0.9263398665907964
8029999999.999999,0.9321908470587108
8029999999.999999,0.8618519357390183
8029999999.999999,0.9065632232864196
8029999999.999999,0.9024353781364344
8029999999.999999,0.9514687231888692
8029999999.999999,0.9604710642075932
8029999999.999999,0.8615650260322562
8029999999.999999,0.7394162955537005
8029999999.999999,0.7728855456988353
8029999999.999999,0.5648537840381018
8029999999.999999,0.6028798290914141
8029999999.999999,0.6025171322260297
8029999999.999999,0.6305363966824757
8029999999.999999,0.6239041153562161
8029999999.999999,0.5942324942157904
8029999999.999999,0.5662499674735774
8029999999.999999,0.5579481941063958
8029999999.999999,0.6392157227940654
8029999999.999999,0.5058734967410842
8029999999.999999,0.7251922683253157
8029999999.999999,0.5212392670154666
8029999999.999999,0.5333456023212843
8029999999.999999,0.5799816078244477
7242000000.0,0.8097687829360695
7242000000.0,0.6676196704743197
7242000000.0,0.6673344587639496
7242000000.0,0.666016525476527
7242000000.0,0.6625052174402891
7242000000.0,0.6690011367211723
7242000000.0,0.668441955801904
7242000000.0,0.6357063932920375
7242000000.0,0.645922259585959
7242000000.0,0.6052665886001811
7242000000.0,0.6257476715781332
7242000000.0,0.6033781298318931
7242000000.0,0.6242966238404694
7242000000.0,0.6106155591198511
7242000000.0,0.5877512961659127
7242000000.0,0.6224528546377669
7242000000.0,0.570562459649707
1300000000.0,0.3546000820737492
2700000000.0,0.470049763910811
9242000000.0,2.89062697102829
9242000000.0,2.7690037242540337
6300000000.0,0.8144632872297608
5939000000.0,0.5305394539336015
3000000000.0,0.6498338267277844
8000000000.0,0.6928064735223814
13668000000.0,1.3930241047147078
13668000000.0,1.3688874977689602
14000000000.0,1.9328272816405905
14000000000.0,1.9718926104780867
14000000000.0,1.8931417135981707
14766000000.0,1.6595693980144708
14766000000.0,1.9520893971423696
14000000000.0,1.623680959717213
14766000000.0,1.6686659460386637
14000000000.0,1.5693466216049714
14000000000.0,1.6189803271215244
14766000000.0,1.7892862441730908
14000000000.0,1.5560715805697685
3204000000.0,1.6584866670975984
8414000000.0,1.476397951057652
1415000000.0,0.2950219349601438
2775000000.0,0.4950649054145608
2775000000.0,0.4927260763011659
1100000000.0,0.2781341125746011
10159000000.0,2.114373144767299
10159000000.0,2.9698275311503877
10159000000.0,1.924808716236475
10159000000.0,1.9140857936630225
10159000000.0,2.946784420668678
10159000000.0,1.8766372136690952
10159000000.0,2.555349708552554
10159000000.0,2.9189102422083795
10159000000.0,3.866744256175038
8029999999.999999,0.8759858333778655
46703000000.0,4.104285323181495
25307000000.0,7.750709623214252
2780000000.0,0.4709493454041584
8029999999.999999,0.9210915805150138
8029999999.999999,0.9019979013274062
8029999999.999999,0.9030782884458364
630000000.0,0.6457068119892789
1777000000.0,0.7403579961950006
14770000000.0,2.1826998616106565
32764000000.000004,17.912689723519435
3397000000.0,1.005794477102998
72000000000.0,16.03394562589673
7616000000.0,1.3170840554561158
3397000000.0,0.9292438685729816
3397000000.0,1.954030650520044
70554000000.0,11.950774466853913
14770000000.0,3.715749976994978
8029999999.999999,0.9641281933170568
8029999999.999999,1.2056020933418046
7242000000.0,0.6378197207812667
7000000000.0,0.4772087729630372
7000000000.0,0.4175598981718286
7000000000.0,0.4261653474160043
7000000000.0,0.8383618052280748
7000000000.0,0.4078846012896142
7000000000.0,0.4738019620578704
8029999999.999999,0.6966331412175643
8029999999.999999,0.6995329673440145
8029999999.999999,0.7026895773807297
8029999999.999999,0.7260839196528286
8029999999.999999,0.7242715334829868
10732000000.0,0.8091685781283036
3000000000.0,0.3927003736037606
21421000000.0,1.7440474604009988
21421000000.0,2.045925776234354
10159000000.0,2.2069472661116345
9242000000.0,2.3955012459141973
9242000000.0,2.3134691067192557
7242000000.0,0.4701547174775827
14483000000.0,0.7650823093917314
7642000000.0,1.280502675060165
7000000000.0,0.9915740024811908
1543000000.0,0.604785408792575
7242000000.0,0.6310112912933874
70554000000.0,51.127009322871366
8029999999.999999,1.9544795262274064
8029999999.999999,0.9892568936162274
8029999999.999999,0.8906762478975032
8029999999.999999,0.8687721882465117
9242000000.0,3.0279489430746143
7616000000.0,1.080123312233059
7242000000.0,2.880127952207298
36099000000.0,2.354727700325131
6738000000.0,0.7640422361022917
10273000000.0,9.628949415951809
7723000000.0,1.5940926654709744
7242000000.0,0.5898989777495254
9242000000.0,1.2459989142928811
6738000000.0,0.6164704416741893
14766000000.0,1.894693378114597
14766000000.0,7.639181316110326
14000000000.0,1.7412634978856372
14766000000.0,2.3951547136264497
14000000000.0,1.567659190472794
14766000000.0,1.5575194859831398
14766000000.0,7.948398845598412
7723000000.0,1.627711564696026
7723000000.0,1.588998148262559
7723000000.0,1.614698039103553
7242000000.0,0.6988102693798343
7242000000.0,0.6756848192040504
7242000000.0,0.6842248406153846
68977000000.0,6.45296708318094
11169000000.0,0.918733033632083
11169000000.0,0.8884246061646348
11169000000.0,1.3056231161333909
11169000000.0,1.4609252683619047
11169000000.0,0.9061419757283572
7242000000.0,0.5798591062792636
12248000000.0,3.4262147423877196
22247000000.0,1.4942038315265374
12248000000.0,1.4421426879942196
22247000000.0,2.739834690761215
22247000000.0,1.3958601155432837
94648000000.0,19.2334948028144
68977000000.0,6.254673656044013
12143000000.0,1.473279224261559
12143000000.0,1.0880966859368315
1645000000.0,0.5498718276757216
1645000000.0,0.4954265085188646
1645000000.0,0.4730886627409424
2795000000.0,0.4342651263931679
2795000000.0,0.3840236314959301
14770000000.0,1.5337282890093384
7616000000.0,0.6498806902656088
3000000000.0,0.5980647635972424
7616000000.0,0.6860155613579194
1544000000.0,1.0144142526839115
124000000.0,0.0528175195396403
8029999999.999999,0.8345543950885596
8029999999.999999,0.8166388113842887
16972000000.000002,2.2589817360853237
7242000000.0,0.6428829778333867
1500000000.0,0.2954340058447049
1500000000.0,0.2978114572213741
9242000000.0,2.2415872481931163
9242000000.0,2.9035758929213187
14770000000.0,1.8007432909656689
32764000000.000004,5.499303446572655
7000000000.0,0.4293180612809854
13000000000.0,31.119116699481676
7000000000.0,0.4750298350809482
7242000000.0,0.4727833003105659
7000000000.0,2.483089752614603
1665000000.0,1.3428202981994517
70554000000.0,9.367006518049084
7242000000.0,0.3881051588060305
7736000000.0,1.522397533471599
7736000000.0,1.602889817897953
16061000000.0,1.8702225951405291
9300000000.0,2.521379276092503
13933000000.0,3.505513278926229
8029999999.999999,0.8180467028392016
14496000000.0,1.0369795708266032
3696000000.0,1.8545883752961585
7736000000.0,1.4454056830758402
9300000000.0,2.3273951613364714
3213000000.0,1.3097201117737385
12248000000.0,1.170029697649757
16742999999.999998,5.9282663560452935
7248000000.0,0.6108671734325988
7242000000.0,0.5020672197937716
13933000000.0,2.8312751025995966
4131999999.9999995,1.3755509270872666
1777000000.0,1.352364069538753
7616000000.0,3.2761544395927573
7616000000.0,1.4855644936356307
7616000000.0,0.9712252333507588
11103000000.0,1.0828709914176635
40000000000.0,21.793583901434182
40000000000.0,19.733245487176763
7000000000.0,0.7858412374207651
7000000000.0,0.7662145256058875
7000000000.0,3.6104079174982937
13016000000.0,1.0985120930498795
6000000000.0,37.95881068085606
20000000000.0,2.9835879877218745
7000000000.0,0.5845727731386725
7000000000.0,0.5899093632595604
7000000000.0,1.220607163326697
7000000000.0,1.2193361066814834
7000000000.0,1.181118670326691
3000000000.0,0.7761018456495044
3000000000.0,0.7749089583727328
3000000000.0,0.7606710347098407
8029999999.999999,0.8581101707530224
3821000000.0,0.4695331080244191
10732000000.0,0.7827757856385875
10732000000.0,1.5191940183802333
22140000000.0,1.7417631529200974
7000000000.0,0.6463983393033655
34000000000.0,1.9912541922771037
6700000000.0,0.7886035058969163
7242000000.0,0.6176204823045223
13016000000.0,0.9795243328943036
7242000000.0,0.6557187249634665
7242000000.0,0.6339996265773694
8029999999.999999,0.8781090796981162
8029999999.999999,0.8135399997505502
14770000000.0,1.8023865071901504
14770000000.0,3.7881550243946487
14770000000.0,1.836692543968627
8029999999.999999,0.8067207811139262
1848000000.0,1.1229264641882646
4650000000.0,1.3049433344587256
10732000000.0,0.9153787011169692
10732000000.0,0.9072733098483964
8031000000.000001,0.7489272856866994
8029999999.999999,0.7966095539710131
8829000000.0,0.9419088118283392
10732000000.0,0.8798565227060466
7242000000.0,0.6172818813605503
10732000000.0,0.6776813147755817
8029999999.999999,0.7534505380054982
7242000000.0,0.6303555751281607
46703000000.0,3.674009149137573
8029999999.999999,1.126158513891887
379000000.0,0.3610246676774613
362000000.0,0.3817294882315251
125000000.0,0.171811358404058
4131999999.9999995,1.2851885770493952
630000000.0,0.4967787239547045
1711000000.0,0.3113272674304524
135000000.0,0.3455102656079413
362000000.0,0.3857418610831619
10732000000.0,0.8019711090078706
3447000000.0,0.4017306328341432
7242000000.0,0.6368880654542547
7616000000.0,1.3234959385291836
13265000000.0,1.4513051890140358
12726000000.0,1.448811021429436
7616000000.0,0.6566609072578895
3213000000.0,0.7136056242441963
12277000000.0,1.6229719714068849
7616000000.0,0.6499135921420335
13265000000.0,2.136534644599343
8029999999.999999,0.9110212160163924
8029999999.999999,1.050722810825721
3213000000.0,6.577035290617962
8029999999.999999,1.8565516381748084
8029999999.999999,0.9500988441643736
8029999999.999999,1.8734619209061871
7242000000.0,1.8886892507260216
8029999999.999999,1.0623267804278298
8029999999.999999,0.6242307315240399
8029999999.999999,0.7502635961344971
8029999999.999999,0.6717413529123942
8029999999.999999,0.719228295791037
8029999999.999999,0.6150025014431778
8029999999.999999,0.8414684783175977
8029999999.999999,0.679841397373017
8029999999.999999,0.7691192613552272
8029999999.999999,0.9864303649997264
8029999999.999999,0.5901530881421527
8029999999.999999,0.6655214350619397
8029999999.999999,0.5884191255459703
8029999999.999999,0.5864428984648447
8029999999.999999,0.8694737921494468
8029999999.999999,0.6750938218418726
8029999999.999999,1.3793418013730123
24942000000.0,2.376184569149158
10475000000.0,1.937267172630614
7504000000.0,1.3992812273120876
7504000000.0,0.7353117338467755
7504000000.0,1.6844942774660865
46703000000.0,3.64913185802464
46703000000.0,3.6193365321460234
8029999999.999999,0.6182530222970236
8029999999.999999,0.6406628367373487
8029999999.999999,0.6795544547648138
8029999999.999999,0.6481841267166133
8029999999.999999,0.5822351629701248
8029999999.999999,0.6060215135466479
8029999999.999999,0.6490922181425386
8029999999.999999,0.6076899508204758
8029999999.999999,0.6720156795047371
1357000000.0,0.5484277459241534
2614000000.0,6.200401649006539
2614000000.0,1.9879904264816353
2614000000.0,1.104509456852725
2614000000.0,0.7048586085816617
2614000000.0,9.681597491499096
2614000000.0,1.1846663769000478
2614000000.0,1.0526635707489849
2614000000.0,1.6103771280333503
2614000000.0,0.8104422900230217
8029999999.999999,0.9720295103475554
8029999999.999999,0.9141440717323276
8029999999.999999,0.8266602155286076
2614000000.0,1.2793090717282345
10159000000.0,1.967892672950528
10159000000.0,3.362746413139062
10159000000.0,1.868505855503242
10159000000.0,1.9894476247543251
10159000000.0,1.8132481286781204
10159000000.0,3.2190558370084803
10159000000.0,4.036662135142767
10159000000.0,1.8448852205940376
10159000000.0,1.850791191513369
9000000000.0,1.8810205287149893
10159000000.0,3.023398909368739
10159000000.0,3.3624847194588017
10159000000.0,1.9959951518146928
10159000000.0,1.9448766229892656
10159000000.0,3.3457193902416043
10159000000.0,3.3832097768252645
10159000000.0,2.037441305392904
10159000000.0,1.924376754791629
10159000000.0,3.1941098711237372
10159000000.0,3.1136659017141057
10159000000.0,1.9191083985983404
10159000000.0,1.9044625677554743
10159000000.0,3.136652887768583
10159000000.0,2.103560800815204
10159000000.0,1.9770472648266435
10159000000.0,1.9587012656189875
10159000000.0,3.155258571724388
10159000000.0,2.01725286807503
10159000000.0,1.85838071831678
10159000000.0,1.937333124403512
10159000000.0,3.269830202109796
9000000000.0,1.7651026186980383
10159000000.0,3.443191347925892
10159000000.0,3.1949907185536626
10159000000.0,3.75145279542679
10159000000.0,3.4136754381462
10159000000.0,6.4617518488086505
10159000000.0,6.54286944477872
10159000000.0,3.1322204385886976
72706000000.0,18.809181620227683
12879000000.0,0.9273900878215878
