{"1090": {"tm": 113, "other": 50}, "1068": {"tm": 98, "other": 42}, "377": {"tm": 55, "other": 20}, "1069": {"tm": 49, "other": 19}, "1077": {"tm": 48, "other": 20}, "365": {"tm": 35, "other": 13}, "1154": {"tm": 34, "other": 14}, "390": {"tm": 32, "other": 9}, "1720": {"tm": 31, "other": 64}, "380": {"tm": 30, "other": 10}, "1097": {"tm": 30, "other": 12}, "1729": {"tm": 30, "other": 62}, "1168": {"tm": 27, "other": 10}, "1169": {"tm": 27, "other": 10}, "1164": {"tm": 26, "other": 12}, "386": {"tm": 25, "other": 10}, "1724": {"tm": 24, "other": 52}, "1745": {"tm": 24, "other": 47}, "2118": {"tm": 24, "other": 48}, "1820": {"tm": 23, "other": 37}, "375": {"tm": 22, "other": 9}, "421": {"tm": 22, "other": 10}, "8778": {"tm": 22, "other": 46}, "8779": {"tm": 22, "other": 46}, "8780": {"tm": 22, "other": 46}, "8781": {"tm": 22, "other": 46}, "8782": {"tm": 22, "other": 46}, "1175": {"tm": 21, "other": 10}, "364": {"tm": 20, "other": 7}, "1110": {"tm": 20, "other": 10}, "1721": {"tm": 20, "other": 38}, "391": {"tm": 19, "other": 8}, "389": {"tm": 18, "other": 6}, "1191": {"tm": 18, "other": 8}, "379": {"tm": 17, "other": 6}, "1105": {"tm": 17, "other": 7}, "1112": {"tm": 17, "other": 7}, "1165": {"tm": 17, "other": 5}, "1172": {"tm": 17, "other": 6}, "1194": {"tm": 17, "other": 7}, "135": {"tm": 16, "other": 0}, "414": {"tm": 16, "other": 6}, "424": {"tm": 16, "other": 7}, "1080": {"tm": 16, "other": 7}, "1185": {"tm": 16, "other": 7}, "1728": {"tm": 16, "other": 27}, "2049": {"tm": 16, "other": 30}, "2050": {"tm": 16, "other": 31}, "8775": {"tm": 16, "other": 34}, "8776": {"tm": 16, "other": 34}, "8777": {"tm": 16, "other": 34}}